{
  "Seller - GET Product by ID" : {
    "transaction" : "Seller - GET Product by ID",
    "sampleCount" : 200,
    "errorCount" : 0,
    "errorPct" : 0.0,
    "meanResTime" : 72.98,
    "medianResTime" : 56.0,
    "minResTime" : 53.0,
    "maxResTime" : 877.0,
    "pct1ResTime" : 79.0,
    "pct2ResTime" : 97.79999999999995,
    "pct3ResTime" : 532.8600000000001,
    "throughput" : 0.3268251550785361,
    "receivedKBytesPerSec" : 0.23107559792662122,
    "sentKBytesPerSec" : 0.12192110277343828
  },
  "Buyer - GET Order by ID" : {
    "transaction" : "Buyer - GET Order by ID",
    "sampleCount" : 200,
    "errorCount" : 0,
    "errorPct" : 0.0,
    "meanResTime" : 72.78500000000003,
    "medianResTime" : 51.0,
    "minResTime" : 48.0,
    "maxResTime" : 475.0,
    "pct1ResTime" : 132.9,
    "pct2ResTime" : 201.0,
    "pct3ResTime" : 231.84000000000015,
    "throughput" : 0.3259356798529378,
    "receivedKBytesPerSec" : 0.3905498820112839,
    "sentKBytesPerSec" : 0.12063439713306975
  },
  "Seller - GET Product" : {
    "transaction" : "Seller - GET Product",
    "sampleCount" : 200,
    "errorCount" : 0,
    "errorPct" : 0.0,
    "meanResTime" : 107.83499999999998,
    "medianResTime" : 81.0,
    "minResTime" : 77.0,
    "maxResTime" : 1007.0,
    "pct1ResTime" : 185.9,
    "pct2ResTime" : 206.89999999999998,
    "pct3ResTime" : 565.2700000000016,
    "throughput" : 0.3268150079987973,
    "receivedKBytesPerSec" : 0.23170673418664733,
    "sentKBytesPerSec" : 0.12000238574955839
  },
  "Buyer - POST Create Order" : {
    "transaction" : "Buyer - POST Create Order",
    "sampleCount" : 200,
    "errorCount" : 0,
    "errorPct" : 0.0,
    "meanResTime" : 90.99000000000002,
    "medianResTime" : 66.0,
    "minResTime" : 62.0,
    "maxResTime" : 957.0,
    "pct1ResTime" : 130.0,
    "pct2ResTime" : 198.6999999999997,
    "pct3ResTime" : 620.3900000000033,
    "throughput" : 0.3259170899514872,
    "receivedKBytesPerSec" : 0.2126099766480405,
    "sentKBytesPerSec" : 0.14099733481299692
  },
  "Seller - POST Register Account" : {
    "transaction" : "Seller - POST Register Account",
    "sampleCount" : 200,
    "errorCount" : 0,
    "errorPct" : 0.0,
    "meanResTime" : 256.1049999999999,
    "medianResTime" : 184.5,
    "minResTime" : 156.0,
    "maxResTime" : 1335.0,
    "pct1ResTime" : 464.1,
    "pct2ResTime" : 655.6999999999997,
    "pct3ResTime" : 1011.850000000001,
    "throughput" : 0.32686521549406494,
    "receivedKBytesPerSec" : 0.18960736133151812,
    "sentKBytesPerSec" : 0.5205280676096183
  },
  "Seller - DELETE Product by ID" : {
    "transaction" : "Seller - DELETE Product by ID",
    "sampleCount" : 200,
    "errorCount" : 0,
    "errorPct" : 0.0,
    "meanResTime" : 122.40500000000006,
    "medianResTime" : 67.0,
    "minResTime" : 64.0,
    "maxResTime" : 877.0,
    "pct1ResTime" : 407.8000000000001,
    "pct2ResTime" : 452.4499999999999,
    "pct3ResTime" : 760.0100000000009,
    "throughput" : 0.3268208825471113,
    "receivedKBytesPerSec" : 0.09957823765107295,
    "sentKBytesPerSec" : 0.12894105131741498
  },
  "Buyer - POST Register Account" : {
    "transaction" : "Buyer - POST Register Account",
    "sampleCount" : 200,
    "errorCount" : 0,
    "errorPct" : 0.0,
    "meanResTime" : 478.8949999999999,
    "medianResTime" : 272.5,
    "minResTime" : 126.0,
    "maxResTime" : 1502.0,
    "pct1ResTime" : 998.3000000000001,
    "pct2ResTime" : 1198.9999999999995,
    "pct3ResTime" : 1494.900000000001,
    "throughput" : 0.3260642737896494,
    "receivedKBytesPerSec" : 0.18914275256938648,
    "sentKBytesPerSec" : 0.5200979904658807
  },
  "Buyer - PUT Edit Order By ID" : {
    "transaction" : "Buyer - PUT Edit Order By ID",
    "sampleCount" : 200,
    "errorCount" : 0,
    "errorPct" : 0.0,
    "meanResTime" : 70.42500000000001,
    "medianResTime" : 57.0,
    "minResTime" : 54.0,
    "maxResTime" : 377.0,
    "pct1ResTime" : 109.0,
    "pct2ResTime" : 165.89999999999975,
    "pct3ResTime" : 242.86000000000013,
    "throughput" : 0.32593514868346646,
    "receivedKBytesPerSec" : 0.21103027693079907,
    "sentKBytesPerSec" : 0.1355941145890202
  },
  "Buyer - GET Product" : {
    "transaction" : "Buyer - GET Product",
    "sampleCount" : 200,
    "errorCount" : 0,
    "errorPct" : 0.0,
    "meanResTime" : 294.4900000000001,
    "medianResTime" : 181.0,
    "minResTime" : 109.0,
    "maxResTime" : 1250.0,
    "pct1ResTime" : 713.7000000000002,
    "pct2ResTime" : 939.9999999999991,
    "pct3ResTime" : 1167.8200000000002,
    "throughput" : 0.3258820404778083,
    "receivedKBytesPerSec" : 0.23104527479188355,
    "sentKBytesPerSec" : 0.14066392762811644
  },
  "Buyer - GET Product by ID" : {
    "transaction" : "Buyer - GET Product by ID",
    "sampleCount" : 200,
    "errorCount" : 0,
    "errorPct" : 0.0,
    "meanResTime" : 55.16000000000002,
    "medianResTime" : 24.0,
    "minResTime" : 21.0,
    "maxResTime" : 603.0,
    "pct1ResTime" : 136.70000000000002,
    "pct2ResTime" : 170.64999999999992,
    "pct3ResTime" : 517.8100000000002,
    "throughput" : 0.32593939808771355,
    "receivedKBytesPerSec" : 0.2867884742939745,
    "sentKBytesPerSec" : 0.12127237370255749
  },
  "Seller - POST Login Account" : {
    "transaction" : "Seller - POST Login Account",
    "sampleCount" : 200,
    "errorCount" : 0,
    "errorPct" : 0.0,
    "meanResTime" : 220.94499999999996,
    "medianResTime" : 164.5,
    "minResTime" : 121.0,
    "maxResTime" : 773.0,
    "pct1ResTime" : 454.8,
    "pct2ResTime" : 457.0,
    "pct3ResTime" : 500.93000000000006,
    "throughput" : 0.3268134058859094,
    "receivedKBytesPerSec" : 0.16532162524306745,
    "sentKBytesPerSec" : 0.09415034642221023
  },
  "Total" : {
    "transaction" : "Total",
    "sampleCount" : 3000,
    "errorCount" : 0,
    "errorPct" : 0.0,
    "meanResTime" : 204.5443333333334,
    "medianResTime" : 113.5,
    "minResTime" : 21.0,
    "maxResTime" : 1502.0,
    "pct1ResTime" : 503.0,
    "pct2ResTime" : 796.4999999999982,
    "pct3ResTime" : 1235.949999999999,
    "throughput" : 4.875163317971152,
    "receivedKBytesPerSec" : 3.4107099619087236,
    "sentKBytesPerSec" : 29.374288848246728
  },
  "Buyer - POST Login Account" : {
    "transaction" : "Buyer - POST Login Account",
    "sampleCount" : 200,
    "errorCount" : 0,
    "errorPct" : 0.0,
    "meanResTime" : 598.9400000000002,
    "medianResTime" : 504.0,
    "minResTime" : 122.0,
    "maxResTime" : 1466.0,
    "pct1ResTime" : 1242.7,
    "pct2ResTime" : 1265.9,
    "pct3ResTime" : 1461.0,
    "throughput" : 0.325995713156372,
    "receivedKBytesPerSec" : 0.16490798770996162,
    "sentKBytesPerSec" : 0.09391478064563451
  },
  "Seller - POST Create Product" : {
    "transaction" : "Seller - POST Create Product",
    "sampleCount" : 400,
    "errorCount" : 0,
    "errorPct" : 0.0,
    "meanResTime" : 277.07750000000016,
    "medianResTime" : 236.5,
    "minResTime" : 106.0,
    "maxResTime" : 1252.0,
    "pct1ResTime" : 553.8000000000001,
    "pct2ResTime" : 637.4999999999997,
    "pct3ResTime" : 942.8500000000001,
    "throughput" : 0.652694649861955,
    "receivedKBytesPerSec" : 0.4289682610909138,
    "sentKBytesPerSec" : 27.117563258349595
  },
  "Buyer - GET Order" : {
    "transaction" : "Buyer - GET Order",
    "sampleCount" : 200,
    "errorCount" : 0,
    "errorPct" : 0.0,
    "meanResTime" : 72.05499999999999,
    "medianResTime" : 54.0,
    "minResTime" : 51.0,
    "maxResTime" : 415.0,
    "pct1ResTime" : 114.70000000000002,
    "pct2ResTime" : 174.6999999999997,
    "pct3ResTime" : 345.6700000000003,
    "throughput" : 0.32593461751572633,
    "receivedKBytesPerSec" : 0.39118520012385516,
    "sentKBytesPerSec" : 0.11872423079430267
  }
}