{
  "Seller - GET List Product" : {
    "transaction" : "Seller - GET List Product",
    "sampleCount" : 200,
    "errorCount" : 0,
    "errorPct" : 0.0,
    "meanResTime" : 38.40499999999999,
    "medianResTime" : 36.0,
    "minResTime" : 31.0,
    "maxResTime" : 152.0,
    "pct1ResTime" : 43.0,
    "pct2ResTime" : 45.0,
    "pct3ResTime" : 143.71000000000026,
    "throughput" : 0.2288261447599957,
    "receivedKBytesPerSec" : 0.5023281361910287,
    "sentKBytesPerSec" : 0.15590792279062637
  },
  "Buyer - POST Registration" : {
    "transaction" : "Buyer - POST Registration",
    "sampleCount" : 200,
    "errorCount" : 0,
    "errorPct" : 0.0,
    "meanResTime" : 308.44,
    "medianResTime" : 306.0,
    "minResTime" : 299.0,
    "maxResTime" : 456.0,
    "pct1ResTime" : 312.0,
    "pct2ResTime" : 315.95,
    "pct3ResTime" : 427.5700000000004,
    "throughput" : 0.2287554786937147,
    "receivedKBytesPerSec" : 0.39094065575331466,
    "sentKBytesPerSec" : 0.07394342133556599
  },
  "Seller - GET Category by ID" : {
    "transaction" : "Seller - GET Category by ID",
    "sampleCount" : 200,
    "errorCount" : 0,
    "errorPct" : 0.0,
    "meanResTime" : 21.004999999999995,
    "medianResTime" : 19.0,
    "minResTime" : 17.0,
    "maxResTime" : 73.0,
    "pct1ResTime" : 24.900000000000006,
    "pct2ResTime" : 28.94999999999999,
    "pct3ResTime" : 60.950000000000045,
    "throughput" : 0.22882797742383176,
    "receivedKBytesPerSec" : 0.16290585502145835,
    "sentKBytesPerSec" : 0.14898176198114685
  },
  "Seller - GET Product" : {
    "transaction" : "Seller - GET Product",
    "sampleCount" : 200,
    "errorCount" : 0,
    "errorPct" : 0.0,
    "meanResTime" : 33.33000000000001,
    "medianResTime" : 32.0,
    "minResTime" : 29.0,
    "maxResTime" : 70.0,
    "pct1ResTime" : 38.0,
    "pct2ResTime" : 40.0,
    "pct3ResTime" : 67.83000000000015,
    "throughput" : 0.2288261447599957,
    "receivedKBytesPerSec" : 0.48231925630644856,
    "sentKBytesPerSec" : 0.15143866215078272
  },
  "Buyer - POST Sign In" : {
    "transaction" : "Buyer - POST Sign In",
    "sampleCount" : 200,
    "errorCount" : 0,
    "errorPct" : 0.0,
    "meanResTime" : 298.72999999999996,
    "medianResTime" : 296.0,
    "minResTime" : 293.0,
    "maxResTime" : 453.0,
    "pct1ResTime" : 299.0,
    "pct2ResTime" : 305.9,
    "pct3ResTime" : 363.8700000000001,
    "throughput" : 0.22875783352606183,
    "receivedKBytesPerSec" : 0.3907067630537798,
    "sentKBytesPerSec" : 0.07036984136788034
  },
  "Seller - GET List Categories" : {
    "transaction" : "Seller - GET List Categories",
    "sampleCount" : 200,
    "errorCount" : 0,
    "errorPct" : 0.0,
    "meanResTime" : 21.325000000000003,
    "medianResTime" : 20.0,
    "minResTime" : 18.0,
    "maxResTime" : 70.0,
    "pct1ResTime" : 24.0,
    "pct2ResTime" : 28.0,
    "pct3ResTime" : 52.950000000000045,
    "throughput" : 0.2288269301837595,
    "receivedKBytesPerSec" : 0.23910626493810802,
    "sentKBytesPerSec" : 0.14853415256234676
  },
  "Seller - GET List Offer" : {
    "transaction" : "Seller - GET List Offer",
    "sampleCount" : 200,
    "errorCount" : 0,
    "errorPct" : 0.0,
    "meanResTime" : 55.395,
    "medianResTime" : 48.0,
    "minResTime" : 39.0,
    "maxResTime" : 514.0,
    "pct1ResTime" : 59.0,
    "pct2ResTime" : 63.94999999999999,
    "pct3ResTime" : 457.3600000000015,
    "throughput" : 0.22882850104746247,
    "receivedKBytesPerSec" : 0.7053750277454557,
    "sentKBytesPerSec" : 0.1503228948922046
  },
  "Seller - POST Sign In" : {
    "transaction" : "Seller - POST Sign In",
    "sampleCount" : 200,
    "errorCount" : 0,
    "errorPct" : 0.0,
    "meanResTime" : 297.465,
    "medianResTime" : 296.0,
    "minResTime" : 293.0,
    "maxResTime" : 336.0,
    "pct1ResTime" : 299.0,
    "pct2ResTime" : 303.95,
    "pct3ResTime" : 332.96000000000004,
    "throughput" : 0.22875809517709308,
    "receivedKBytesPerSec" : 0.39313106280439125,
    "sentKBytesPerSec" : 0.0703699218562347
  },
  "Seller - POST Registration" : {
    "transaction" : "Seller - POST Registration",
    "sampleCount" : 200,
    "errorCount" : 0,
    "errorPct" : 0.0,
    "meanResTime" : 373.6149999999998,
    "medianResTime" : 331.0,
    "minResTime" : 325.0,
    "maxResTime" : 1628.0,
    "pct1ResTime" : 450.8000000000002,
    "pct2ResTime" : 644.3999999999996,
    "pct3ResTime" : 1321.0700000000027,
    "throughput" : 0.22866341659730544,
    "receivedKBytesPerSec" : 0.39273388408822746,
    "sentKBytesPerSec" : 0.07614670415984487
  },
  "Buyer - POST Create Offer" : {
    "transaction" : "Buyer - POST Create Offer",
    "sampleCount" : 200,
    "errorCount" : 0,
    "errorPct" : 0.0,
    "meanResTime" : 61.654999999999994,
    "medianResTime" : 59.0,
    "minResTime" : 54.0,
    "maxResTime" : 120.0,
    "pct1ResTime" : 70.0,
    "pct2ResTime" : 73.94999999999999,
    "pct3ResTime" : 91.92000000000007,
    "throughput" : 0.22882405032298514,
    "receivedKBytesPerSec" : 0.6997747835038454,
    "sentKBytesPerSec" : 0.17205155205632733
  },
  "Buyer - PUT Update Profile" : {
    "transaction" : "Buyer - PUT Update Profile",
    "sampleCount" : 200,
    "errorCount" : 0,
    "errorPct" : 0.0,
    "meanResTime" : 980.86,
    "medianResTime" : 969.0,
    "minResTime" : 903.0,
    "maxResTime" : 1317.0,
    "pct1ResTime" : 1031.9,
    "pct2ResTime" : 1070.95,
    "pct3ResTime" : 1261.2100000000007,
    "throughput" : 0.22858501305220424,
    "receivedKBytesPerSec" : 0.3421386363818193,
    "sentKBytesPerSec" : 6.2460877139269995
  },
  "Seller - GET Profile" : {
    "transaction" : "Seller - GET Profile",
    "sampleCount" : 200,
    "errorCount" : 0,
    "errorPct" : 0.0,
    "meanResTime" : 26.1,
    "medianResTime" : 24.0,
    "minResTime" : 22.0,
    "maxResTime" : 134.0,
    "pct1ResTime" : 31.0,
    "pct2ResTime" : 33.0,
    "pct3ResTime" : 50.98000000000002,
    "throughput" : 0.22882745380259742,
    "receivedKBytesPerSec" : 0.3440434175780674,
    "sentKBytesPerSec" : 0.1480875638285579
  },
  "Seller - PUT Update Product" : {
    "transaction" : "Seller - PUT Update Product",
    "sampleCount" : 200,
    "errorCount" : 0,
    "errorPct" : 0.0,
    "meanResTime" : 434.0099999999998,
    "medianResTime" : 426.5,
    "minResTime" : 375.0,
    "maxResTime" : 781.0,
    "pct1ResTime" : 468.9,
    "pct2ResTime" : 497.9,
    "pct3ResTime" : 705.3200000000006,
    "throughput" : 0.22872748606763701,
    "receivedKBytesPerSec" : 0.4958483548918519,
    "sentKBytesPerSec" : 18.758527469956643
  },
  "Total" : {
    "transaction" : "Total",
    "sampleCount" : 3400,
    "errorCount" : 0,
    "errorPct" : 0.0,
    "meanResTime" : 257.72911764705884,
    "medianResTime" : 61.0,
    "minResTime" : 17.0,
    "maxResTime" : 1628.0,
    "pct1ResTime" : 932.0,
    "pct2ResTime" : 970.0,
    "pct3ResTime" : 1030.0,
    "throughput" : 3.869555023934336,
    "receivedKBytesPerSec" : 7.266702242506721,
    "sentKBytesPerSec" : 37.28360722764592
  },
  "Seller - POST Create Product" : {
    "transaction" : "Seller - POST Create Product",
    "sampleCount" : 200,
    "errorCount" : 0,
    "errorPct" : 0.0,
    "meanResTime" : 387.72000000000025,
    "medianResTime" : 382.0,
    "minResTime" : 342.0,
    "maxResTime" : 800.0,
    "pct1ResTime" : 415.9,
    "pct2ResTime" : 439.84999999999997,
    "pct3ResTime" : 530.9100000000001,
    "throughput" : 0.22873611857680387,
    "receivedKBytesPerSec" : 0.49709004769148074,
    "sentKBytesPerSec" : 9.56792685376328
  },
  "Seller - DELETE Product" : {
    "transaction" : "Seller - DELETE Product",
    "sampleCount" : 200,
    "errorCount" : 0,
    "errorPct" : 0.0,
    "meanResTime" : 34.345,
    "medianResTime" : 33.0,
    "minResTime" : 27.0,
    "maxResTime" : 76.0,
    "pct1ResTime" : 41.900000000000006,
    "pct2ResTime" : 46.0,
    "pct3ResTime" : 63.950000000000045,
    "throughput" : 0.2288292864874018,
    "receivedKBytesPerSec" : 0.22300799458017834,